<?xml version="1.0" encoding="UTF-8"?>
<beans xmlns="http://www.springframework.org/schema/beans"
    xmlns:amq="http://activemq.org/config/1.0"
    xmlns:xsi="http://www.w3.org/2001/XMLSchema-instance"
    xmlns:tx="http://www.springframework.org/schema/tx"
    xmlns:context="http://www.springframework.org/schema/context"
    xmlns:util="http://www.springframework.org/schema/util"
    xmlns:aop="http://www.springframework.org/schema/aop"
    xmlns:ehcache="http://ehcache-spring-annotations.googlecode.com/svn/schema/ehcache-spring"
    xsi:schemaLocation="http://www.springframework.org/schema/beans http://www.springframework.org/schema/beans/spring-beans-2.5.xsd
    http://www.springframework.org/schema/tx http://www.springframework.org/schema/tx/spring-tx-2.5.xsd
    http://www.springframework.org/schema/context http://www.springframework.org/schema/context/spring-context-2.5.xsd
    http://www.springframework.org/schema/util http://www.springframework.org/schema/util/spring-util-2.5.xsd
    http://www.springframework.org/schema/aop http://www.springframework.org/schema/aop/spring-aop-2.5.xsd
    http://activemq.org/config/1.0 http://activemq.apache.org/schema/core/activemq-core-5.0-SNAPSHOT.xsd
    http://ehcache-spring-annotations.googlecode.com/svn/schema/ehcache-spring
    http://ehcache-spring-annotations.googlecode.com/svn/schema/ehcache-spring/ehcache-spring-1.1.xsd
    ">

    <bean id="placeholderConfig" class="org.springframework.beans.factory.config.PropertyPlaceholderConfigurer">
        <property name="systemPropertiesMode" value="2" />
        <property name="locations">
            <list>
                <value>classpath:db_api_version.properties</value>
                <value>classpath:application.properties</value>
            </list>
        </property>
    </bean>

    <import resource="classpath:META-INF/appconfig/no-db.xml"/>

    <context:component-scan base-package="de.zalando.tutorial.sproc, de.zalando.zomcat" />
    <context:annotation-config />

    <!-- ehCache -->
    <ehcache:annotation-driven />
    <bean id="cacheManager" class="org.springframework.cache.ehcache.EhCacheManagerFactoryBean"/>

    <!-- +++ BEGIN +++ ehcache jmx config +++ BEGIN +++ -->
    <!-- Spring JMX bean server and exporter -->
    <bean id="mbeanServer" class="org.springframework.jmx.support.MBeanServerFactoryBean">
         <property name="locateExistingServerIfPossible" value="true"/>
    </bean>

    <!-- Spring initialization of ehCache's mbeans -->
    <bean id="ehCacheMBeanRegistration" class="org.springframework.beans.factory.config.MethodInvokingFactoryBean">
        <property name="staticMethod" value="net.sf.ehcache.management.ManagementService.registerMBeans"/>
        <property name="arguments">
            <list>
                <ref bean="cacheManager"/>
                <ref bean="mbeanServer"/>
                <value>true</value>
                <value>true</value>
                <value>true</value>
                <value>true</value>
            </list>
        </property>
    </bean>
    <!-- +++ END +++ ehcache jmx config +++ END +++ -->

    <!-- several application specific settings -->
    <!--bean id="applicationConfig" class="de.zalando.zalando-tutorial-storedprocedures.backend.configuration.impl.ApplicationConfigImpl">
        <property name="config" ref="compositeConfiguration" />
    </bean-->

    <!--  TUTORIAL DB START  -->

    <bean id="dataSourceTutorial" class="com.jolbox.bonecp.spring.DynamicDataSourceProxy">
        <property name="targetDataSource">
            <ref local="dataSourceTutorial_first" />
    </property>
    </bean>

    <bean id="dataSourceTutorial_configBean" class="de.zalando.dbutils.pool.ConnectionPoolMBean">
         <property name="proxy">
            <ref local="dataSourceTutorial" />
         </property>
    </bean>

    <bean id="tutorialDataSourceProvider" class="de.zalando.sprocwrapper.dsprovider.SingleDataSourceProvider">
        <constructor-arg ref="dataSourceTutorial" />
    </bean>

    <bean id="dataSourceTutorial_first" destroy-method="close" class="com.jolbox.bonecp.BoneCPDataSource" lazy-init="true">
        <property name="driverClass" value="${tutorial.sproc.datasource.driverClassName}" />
        <property name="jdbcUrl" value="${tutorial.sproc.datasource.url}" />
        <property name="username" value="${tutorial.sproc.datasource.username}" />
        <property name="password" value="${tutorial.sproc.datasource.password}" />
        <property name="idleConnectionTestPeriodInMinutes" value="${tutorial.sproc.datasource.idleConnectionTestPeriodInMinutes}"/>
        <property name="idleMaxAgeInMinutes" value="${tutorial.sproc.datasource.idleMaxAgeInMinutes}"/>
        <property name="maxConnectionsPerPartition" value="${tutorial.sproc.datasource.maxConnectionsPerPartition}"/>
        <property name="minConnectionsPerPartition" value="${tutorial.sproc.datasource.minConnectionsPerPartition}"/>
        <property name="poolAvailabilityThreshold" value="${tutorial.sproc.datasource.poolAvailabilityThreshold}"/>
        <property name="partitionCount" value="${tutorial.sproc.datasource.partitionCount}"/>
        <property name="acquireIncrement" value="${tutorial.sproc.datasource.acquireIncrement}"/>
        <property name="acquireRetryAttempts" value="${tutorial.sproc.datasource.acquireRetryAttempts}" />
        <property name="acquireRetryDelayInMs" value="${tutorial.sproc.datasource.acquireRetryDelayInMs}" />
        <property name="disableJMX" value="${tutorial.sproc.datasource.disableJMX}" />
        <property name="connectionTimeoutInMs" value="${tutorial.sproc.datasource.connectionTimeoutInMs}" />
        <property name="disableConnectionTracking" value="${tutorial.sproc.datasource.disableConnectionTracking}" />
        <property name="initSQL" value="SET search_path to ztutorial_api${ztutorial_api_version}, public;" />
        <property name="maxConnectionAgeInSeconds" value="${tutorial.sproc.datasource.maxConnectionAgeInSeconds}"/>
        <!--property name="maxConnectionAgeDeviationInSeconds" value="${tutorial.sproc.datasource.maxConnectionAgeDeviationInSeconds}"/-->
        <property name="closeConnectionWatchTimeoutInMs" value="${tutorial.sproc.datasource.closeConnectionWatchTimeoutInMs}" />
        <property name="serviceOrder" value="${tutorial.sproc.datasource.serviceOrder:FIFO}"/>
        <property name="releaseHelperThreads" value="${tutorial.sproc.datasource.releaseHelperThreads}"/>
        <property name="statisticsEnabled" value="${tutorial.sproc.datasource.statisticsEnabled}" />
    </bean>
    
    <bean id="hick_first_config" class="com.zaxxer.hikari.HikariConfig">
    	<property name="driverClassName" value="${tutorial.sproc.datasource.driverClassName}" />
    	<property name="jdbcUrl" value="${tutorial.sproc.datasource.url}" />
        <property name="username" value="${tutorial.sproc.datasource.username}" />
        <property name="password" value="${tutorial.sproc.datasource.password}" />
        <property name="connectionInitSql" value="SET search_path to ztutorial_api${ztutorial_api_version}, public;" />
        <property name="maximumPoolSize" value="3" />
        <property name="idleTimeout" value="60000" />
        <property name="maxLifetime" value="60000" />
        
    </bean>
    
    <bean id="hick_pool" class="com.zaxxer.hikari.HikariDataSource" destroy-method="close">
    	 <constructor-arg ref="hick_first_config"/>
    </bean>

    <!--  TUTORIAL DB END-->

    <alias name="dataSourceFrontendSProc" alias="appConfigDataSource"/>

    <bean id="exporter" class="org.springframework.jmx.export.MBeanExporter">
        <property name="assembler" ref="assembler"/>
        <property name="namingStrategy" ref="namingStrategy"/>
        <property name="autodetect" value="true"/>
    </bean>

    <bean id="jmxAttributeSource"
          class="org.springframework.jmx.export.annotation.AnnotationJmxAttributeSource"/>

    <!-- will create management interface using annotation metadata -->
    <bean id="assembler"
          class="org.springframework.jmx.export.assembler.MetadataMBeanInfoAssembler">
        <property name="attributeSource" ref="jmxAttributeSource"/>
    </bean>

    <!-- will pick up the ObjectName from the annotation -->
    <bean id="namingStrategy"
          class="org.springframework.jmx.export.naming.MetadataNamingStrategy">
        <property name="attributeSource" ref="jmxAttributeSource"/>
    </bean>

	<bean id="boneTestBean"
		class="de.zalando.tutorial.sproc.backend.main.BoneCpTest" />
   </beans>
